CVE,Location of Dockerfile in https://github.com/vulhub/vulhub,Base image,Method of installation,Component,Type of Vulnerability,Anchore,Xray,clair,Aqua - microscanner,Snyk,trivy,WhiteSource,Anchore Enterprise
CVE-2017-14849,https://github.com/vulhub/vulhub/tree/master/node/CVE-2017-14849/Dockerfile,debian 8,npm,express,directory traversal,,,,,high,,,
CVE-2017-16082,https://github.com/vulhub/vulhub/tree/master/node/CVE-2017-16082/Dockerfile,debian 8,npm ,pg,RCE,critical,,,,,,high,x
CVE-2017-9841,https://github.com/vulhub/vulhub/tree/master/phpunit/CVE-2017-9841/Dockerfile,debian 10,curl,phpunit,RCE,,high,,,,high,high,
PIL-CVE-2017-8291,https://github.com/vulhub/vulhub/tree/master/python/PIL-CVE-2017-8291/Dockerfile,debian 8,pip,pil,RCE,,,,,,,,
PIL-CVE-2018-16509,https://github.com/vulhub/vulhub/tree/master/python/PIL-CVE-2018-16509/Dockerfile,debian 8,pip,pil ,RCE,,,,,,,,
CVE-2017-15715,https://github.com/vulhub/vulhub/tree/master/httpd/CVE-2017-15715/Dockerfile,debian 8,apt/pubimage,apache,bypass/RCE,medium,medium,medium,medium?,medium,medium,,
CVE-2017-12794,https://github.com/vulhub/vulhub/tree/master/django/CVE-2017-12794/Dockerfile,debian 8,pip,django,XSS,medium,,,,,,medium,
CVE-2019-14234,https://github.com/vulhub/vulhub/tree/master/django/CVE-2019-14234/Dockerfile,debian 8,pip,django,SQLi,critical,high,,,,,,
CVE-2018-14574,https://github.com/vulhub/vulhub/tree/master/django/CVE-2018-14574/Dockerfile,debian 8,pip,django,open redirect,medium,medium,,,,,,
CVE-2017-12615,https://github.com/vulhub/vulhub/tree/master/tomcat/CVE-2017-12615/Dockerfile,debian 9,pubimage,tomcat,RCE,,,,,,,,x
CVE-2019-5418,https://github.com/vulhub/vulhub/tree/master/rails/CVE-2019-5418/Dockerfile,debian 9,gem,rails,file disclosure/RCE,high,medium,,,,medium,,
CVE-2017-5223,https://github.com/vulhub/vulhub/tree/master/phpmailer/CVE-2017-5223/Dockerfile,debian 8,composer,phpmail,file disclosure ,,,,,,low,medium,
CVE-2017-8386,https://github.com/vulhub/vulhub/tree/master/git/CVE-2017-8386/Dockerfile,debian 8,wget,git,privilege escalation,,,,,,,,
CVE-2017-11610,https://github.com/vulhub/vulhub/tree/master/supervisor/CVE-2017-11610/Dockerfile,debian 8,pip,supervisor,RCE,high,high,,medium,,,high,
CVE-2017-17405,https://github.com/vulhub/vulhub/tree/master/ruby/CVE-2017-17405/Dockerfile,debian 8,public image,ruby,RCE,,,,,,,,
CVE-2018-15473,https://github.com/vulhub/vulhub/tree/master/openssh/CVE-2018-15473/Dockerfile,debian 9,wget,ssh,user enumeration,,,,,,,,
CVE-2015-3337,https://github.com/vulhub/vulhub/tree/master/elasticsearch/CVE-2015-3337/Dockerfile,debian 9,wget,elastisearch,directory traversal,medium,medium,,,,,medium,
CVE-2015-5531,https://github.com/vulhub/vulhub/tree/master/elasticsearch/CVE-2015-5531/Dockerfile,debian 9,wget,elastisearch,directory traversal,medium,medium,,,,,medium,
CVE-2018-17246,https://github.com/vulhub/vulhub/tree/master/base/kibana/5.6.12/Dockerfile,debian 8,kibana:5.6.12,kibana,RCE,critical,,,unknown,,,,
CVE-2019-7609,https://github.com/vulhub/vulhub/tree/master/base/kibana/6.5.4/Dockerfile,CentOS Linux 7,kibana:6.5.4,kibana,RCE,,,,,,,,
CVE-2019-7238,https://github.com/vulhub/vulhub/tree/master/base/nexus/3.14.0/Dockerfile,CentOS Linux 7,sonatype/nexus3:3.14.0,nexus,RCE,,,,,,,,
CVE-2016-1897,https://github.com/vulhub/vulhub/tree/master/base/ffmpeg/2.8.4-php/Dockerfile,debian 9,wget,ffmpeg,arbitrary file read,,,,,,,,
CVE-2017-4971,https://github.com/vulhub/vulhub/tree/master/base/spring/spring-webflow/2.4.4/Dockerfile,debian 8,wget ,spring webflow,RCE,,medium,,,,,,
CVE-2017-8046,https://github.com/vulhub/vulhub/tree/master/base/spring/spring-rest-data/2.6.6/Dockerfile,debian 9,copy,spring rest data,RCE,critical,high,,,,,,
CVE-2018-1270,https://github.com/vulhub/vulhub/tree/master/base/spring/spring-messaging/5.0.4/Dockerfile,debian 9,pom -> build -> 2stage build,spring,RCE,,high,,,,,,
CVE-2016-4977,https://github.com/vulhub/vulhub/tree/master/base/spring/spring-security-oauth2/2.0.8/Dockerfile,debian 9,pom -> build -> 2stage build,spring security oauth,RCE,,medium,,,,,,
CVE-2018-1273,https://github.com/vulhub/vulhub/tree/master/base/spring/spring-data-commons/2.0.5/Dockerfile,debian 9,pom -> build -> 2stage build,spring data commons,RCE,critical,high,,,,,,
CVE-2016-4437,https://github.com/vulhub/vulhub/tree/master/base/shiro/1.2.4/Dockerfile,debian 8,pom -> build -> 2stage build,shiro,RCE,high,medium,,,,,,
CVE-2012-2122,https://github.com/vulhub/vulhub/tree/master/base/mysql/5.5.23/Dockerfile,Ubuntu 16.04.4 LTS,wget,mysql,auth bypass,,,,,,,,
CVE-2017-5645,https://github.com/vulhub/vulhub/tree/master/base/log4j/2.8.1/Dockerfile,debian 9,pom -> build -> 2stage build,log4j,RCE,critical,,,,,,,x
CVE-2018-8715,https://github.com/vulhub/vulhub/tree/master/base/appweb/7.0.2/Dockerfile,debian 9,wget,appweb,auth bypass,,,,,,,,
CVE-2019-15107,https://github.com/vulhub/vulhub/tree/master/base/webmin/1.910/Dockerfile,debian 8,wget+deb,webmin,command exection,,,,,,,,
CVE-2018-1297,https://github.com/vulhub/vulhub/tree/master/base/jmeter/3.3/Dockerfile,debian 9,wget,jmeter,RCE,,high,,,,,,
CVE-2018-10933,https://github.com/vulhub/vulhub/tree/master/base/libssh/0.8.1/Dockerfile,debian 9,wget + patch,libssh,auth bypass,,,,,,,,
CVE-2016-5734,https://github.com/vulhub/vulhub/tree/master/base/phpmyadmin/4.4.15.6/Dockerfile,debian 8,curl,phpmyadmin,RCE,,,,,,,,
CVE-2018-12613,https://github.com/vulhub/vulhub/tree/master/base/phpmyadmin/4.8.1/Dockerfile,debian 9,curl,phpmyadmin,RCE,,,,,,,,
CVE-2019-3396,https://github.com/vulhub/vulhub/tree/master/base/confluence/6.10.2/Dockerfile,Alpine Linux v3.8,cptactionhank/atlassian-confluence:6.10.2,confluence,RCE,critical,,,,,,,x
CVE-2017-7525,https://github.com/vulhub/vulhub/tree/master/base/spring/with-jackson/2.8.8/Dockerfile,debian 9,pom -> build -> 2stage build,spring jackson,RCE,critical,high,,,,,,
CVE-2018-18778,https://github.com/vulhub/vulhub/tree/master/base/mini_httpd/1.29/Dockerfile,debian 8,wget,acme minihttpd,arbitrary file read,,,,,,,,
CVE-2020-1938,https://github.com/vulhub/vulhub/tree/master/base/tomcat/9.0.30/Dockerfile,debian 10,tomcat:9.0.30-jdk8-openjdk,tomcat,RCE,critical,high,,,,,high,x
CVE-2018-3760,https://github.com/vulhub/vulhub/tree/master/base/rails/5.0.7/Dockerfile ,debian 9,gem,Sprockets,arbitrary file read,high ,medium,,,,medium,high,x
CVE-2019-17558,https://github.com/vulhub/vulhub/tree/master/base/solr/8.2.0/Dockerfile,debian 9,solr:8.2.0,apache solr,RCE,high ,,,,,,high,x
CVE-2019-0193,https://github.com/vulhub/vulhub/tree/master/base/solr/8.1.1/Dockerfile,debian 9,solr:8.1.1,apache solr,RCE,high ,high,,,,,high,
CVE-2014-3704,https://github.com/vulhub/vulhub/tree/master/base/drupal/7.31/Dockerfile ,debian 8,curl,drupal,SQLi,,,,,,,,
CVE-2018-7600,https://github.com/vulhub/vulhub/tree/master/base/drupal/8.5.0/Dockerfile,debian 9,drupal:8.5.0,drupal,RCE,,,,,,,,
CVE-2018-18925,https://github.com/vulhub/vulhub/tree/master/base/gogs/0.11.66/Dockerfile ,Alpine Linux v3.8,gogs/gogs:0.11.66,gogs,RCE,,,,,,,,
CVE-2018-1058,https://github.com/vulhub/vulhub/tree/master/base/postgres/9.6.7/Dockerfile ,Alpine Linux v3.5,wget,postgres,RCE,,,,,,,,
CVE-2019-9193,https://github.com/vulhub/vulhub/tree/master/base/postgres/10.7/Dockerfile ,debian 9,postgres:10.7,postgres,RCE,,,,,,,,
CVE-2018-7490,https://github.com/vulhub/vulhub/tree/master/base/uwsgi/php/2.0.16/Dockerfile ,debian 9,wget,uwsgi,directory traversal,,,,,,,,
CVE-2015-8562,https://github.com/vulhub/vulhub/tree/master//base/joomla/3.4.5/Dockerfile,debian 8,wget,joomla,RCE,,,,,,,,
CVE-2017-8917,https://github.com/vulhub/vulhub/tree/master/base/joomla/3.7.0/Dockerfile ,debian 9,wget,joomla,SQLi,,,,,,,,
CVE-2017-12149,https://github.com/vulhub/vulhub/tree/master/base/jboss/as-6.1.0/Dockerfile ,debian 7,curl,jboss,RCE,,,,,,,,
CVE-2017-7504,https://github.com/vulhub/vulhub/tree/master/base/jboss/as-4.0.5/Dockerfile,debian 9,curl,jboss,RCE,,,,,,,,
CVE-2019-10758,https://github.com/vulhub/vulhub/tree/master/base/mongo-express/0.53.0/Dockerfile ,debian 9,npm,mongo,RCE,critical,,,,,,high,x
CVE-2017-1000353,https://github.com/vulhub/vulhub/tree/master/base/jenkins/2.46.1/Dockerfile ,debian 9,curl,jenkins,RCE,critical,high,,,,,,
CVE-2018-1000861,https://github.com/vulhub/vulhub/tree/master/base/jenkins/2.138/Dockerfile ,debian 9,jenkins/jenkins:2.138-slim + plugin install,jenkins/stapler,RCE,,high,,,,,,
CVE-2017-7529,https://github.com/vulhub/vulhub/tree/master/base/nginx/1.13.2/Dockerfile,debian 9,FROM nginx:1.13.2,nginx,cache read,,,,,,,,
CVE-2013-4547,https://github.com/vulhub/vulhub/tree/master/base/nginx/1.4.2/Dockerfile ,debian 8,wget,nginx,bypass,,,,,,,,
CVE-2012-1823,https://github.com/vulhub/vulhub/tree/master/base/php/5.4.1/cgi/Dockerfile,debian 8,curl,php,RCE,,,,,,,,
CVE-2018-19518,https://github.com/vulhub/vulhub/tree/master/base/php/php5.6/with-imap/Dockerfile,debian 9,docker-php-ext-install,php,command execution,,high,high,,high,high,,
CVE-2019-11581,https://github.com/vulhub/vulhub/tree/master/base/jira/8.1.0/Dockerfile ,Ubuntu 18.04.2 LTS,dchevell/jira-software:8.1.0-ubuntu,jira,RCE,critical,,,,,,,
CVE-2016-3088,https://github.com/vulhub/vulhub/tree/master/base/activemq/5.11.1/with-cron/Dockerfile,debian 9,curl,activemq,RCE,critical,,,,,,,
CVE-2015-5254,https://github.com/vulhub/vulhub/tree/master/base/activemq/5.11.1/Dockerfile ,debian 9,curl,activemq,RCE,critical,high,,,,,high,
CVE-2017-7494,https://github.com/vulhub/vulhub/tree/master/base/samba/4.6.3/Dockerfile,Ubuntu 16.04.2 LTS,wget,samba,RCE,,,,,,,,
CVE-2017-17562,https://github.com/vulhub/vulhub/tree/master/base/goahead/3.6.4/Dockerfile ,debian 8,wget,Embedthis,RCE,,,,,,,,
CVE-2017-12636,https://github.com/vulhub/vulhub/tree/master/base/couchdb/1.6.0/Dockerfile,debian 8,curl,couchdb,command execution,,,,,,,,
CVE-2017-12635,https://github.com/vulhub/vulhub/tree/master/base/couchdb/2.1.0/Dockerfile ,debian 8,wget,couchdb,privilege escalation,,,,,,,,
CVE-2018-19475,https://github.com/vulhub/vulhub/tree/master/base/imagemagick/7.0.8-20-php/Dockerfile ,debian 8,docker add,ghostscript,RCE,,,,,,,,
CVE-2018-16509,https://github.com/vulhub/vulhub/tree/master/base/imagemagick/7.0.8-10/Dockerfile ,debian 8,docker add,ghostscript,command execution,,,,,,,,
CVE-2019-6116,https://github.com/vulhub/vulhub/tree/master/base/imagemagick/7.0.8-27/Dockerfile ,debian 8,docker add,ghostscript,RCE,,,,,,,,
CVE-2017-3066,https://github.com/vulhub/vulhub/tree/master/base/coldfusion/11u3/Dockerfile,debian 8,add (local)  --> wget in sh,coldfusion,RCE,,,,,,,,
CVE-2014-3120,https://github.com/vulhub/vulhub/tree/master/base/elasticsearch/1.1.1/Dockerfile ,debian 9,wget,elasticsearch,RCE,medium,medium,,,,,medium,
CVE-2015-1427,https://github.com/vulhub/vulhub/tree/master/base/elasticsearch/1.4.2/Dockerfile ,debian 9,wget,elasticsearch,command execution,high,high,,,,,high,